individual_id,treatment,treatment_label,response,in_air,normoxia,temperature_C,response_time_s,trial_round,cohort_group
1,1,air_normoxia,positive,air,normoxia,33.4,28.0,round1,1
2,1,air_normoxia,negative,air,normoxia,33.4,33.0,round1,1
3,1,air_normoxia,positive,air,normoxia,33.4,29.0,round1,3
4,1,air_normoxia,negative,air,normoxia,33.4,90.0,round1,1
5,1,air_normoxia,negative,air,normoxia,33.4,23.0,round1,2
6,1,air_normoxia,negative,air,normoxia,33.4,53.0,round1,2
7,1,air_normoxia,negative,air,normoxia,33.4,48.0,round1,2
8,1,air_normoxia,negative,air,normoxia,33.4,128.0,round1,2
9,1,air_normoxia,positive,air,normoxia,33.4,60.0,round1,3
10,1,air_normoxia,negative,air,normoxia,33.4,29.0,round1,3
11,1,air_normoxia,negative,air,normoxia,33.4,32.0,round1,3
12,1,air_normoxia,negative,air,normoxia,33.4,41.0,round1,3
13,1,air_normoxia,negative,air,normoxia,32.8,35.0,round2,4
14,1,air_normoxia,negative,air,normoxia,32.8,140.0,round2,4
15,1,air_normoxia,positive,air,normoxia,32.8,313.0,round2,4
16,1,air_normoxia,negative,air,normoxia,32.8,54.0,round2,4
17,1,air_normoxia,negative,air,normoxia,32.8,119.0,round2,5
18,1,air_normoxia,negative,air,normoxia,32.8,59.0,round2,5
19,1,air_normoxia,negative,air,normoxia,32.8,350.0,round2,5
20,1,air_normoxia,positive,air,normoxia,32.8,749.0,round2,5
21,1,air_normoxia,negative,air,normoxia,32.8,17.0,round2,6
22,1,air_normoxia,negative,air,normoxia,32.8,32.0,round2,6
23,1,air_normoxia,negative,air,normoxia,32.8,516.0,round2,6
24,1,air_normoxia,negative,air,normoxia,32.8,88.0,round2,6
25,2,water_anoxia,positive,water,anoxia,26.0,900.0,round1,6
26,2,water_anoxia,positive,water,anoxia,26.0,214.0,round1,4
27,2,water_anoxia,positive,water,anoxia,26.0,626.0,round1,4
28,2,water_anoxia,positive,water,anoxia,26.0,209.0,round1,4
29,2,water_anoxia,positive,water,anoxia,26.0,272.0,round1,5
30,2,water_anoxia,positive,water,anoxia,26.0,432.0,round1,5
31,2,water_anoxia,NA,water,anoxia,26.0,NA,round1,5
32,2,water_anoxia,positive,water,anoxia,26.0,509.0,round1,5
33,2,water_anoxia,positive,water,anoxia,26.0,301.0,round1,6
34,2,water_anoxia,NA,water,anoxia,26.0,NA,round1,6
35,2,water_anoxia,positive,water,anoxia,26.0,900.0,round1,6
36,2,water_anoxia,NA,water,anoxia,26.0,NA,round1,6
37,2,water_anoxia,positive,water,anoxia,27.8,463.0,round2,1
38,2,water_anoxia,positive,water,anoxia,27.8,518.0,round2,1
39,2,water_anoxia,positive,water,anoxia,27.8,296.0,round2,1
40,2,water_anoxia,positive,water,anoxia,27.8,425.0,round2,1
41,2,water_anoxia,positive,water,anoxia,27.8,782.0,round2,2
42,2,water_anoxia,positive,water,anoxia,27.8,413.0,round2,2
43,2,water_anoxia,positive,water,anoxia,27.8,456.0,round2,2
44,2,water_anoxia,positive,water,anoxia,27.8,818.0,round2,2
45,2,water_anoxia,NA,water,anoxia,27.8,NA,round2,3
46,2,water_anoxia,NA,water,anoxia,27.8,NA,round2,3
47,2,water_anoxia,NA,water,anoxia,27.8,NA,round2,3
48,2,water_anoxia,NA,water,anoxia,27.8,NA,round2,3
49,1,air_normoxia,positive,air,normoxia,32.9,504.0,round1,7
50,1,air_normoxia,negative,air,normoxia,32.9,184.0,round1,7
51,1,air_normoxia,positive,air,normoxia,32.9,151.0,round1,7
52,1,air_normoxia,positive,air,normoxia,32.9,252.0,round1,7
53,1,air_normoxia,negative,air,normoxia,32.9,41.0,round1,8
54,1,air_normoxia,positive,air,normoxia,32.9,203.0,round1,8
55,1,air_normoxia,negative,air,normoxia,32.9,22.0,round1,8
56,1,air_normoxia,negative,air,normoxia,32.9,22.0,round1,8
57,1,air_normoxia,negative,air,normoxia,32.9,30.0,round1,9
58,1,air_normoxia,positive,air,normoxia,32.9,40.0,round1,9
59,1,air_normoxia,positive,air,normoxia,32.9,15.0,round1,9
60,1,air_normoxia,negative,air,normoxia,32.9,41.0,round1,9
61,2,water_anoxia,positive,water,anoxia,27.9,587.0,round1,10
62,2,water_anoxia,positive,water,anoxia,27.9,173.0,round1,10
63,2,water_anoxia,positive,water,anoxia,27.9,207.0,round1,10
64,2,water_anoxia,positive,water,anoxia,27.9,212.0,round1,10
65,2,water_anoxia,positive,water,anoxia,27.9,520.0,round1,11
66,2,water_anoxia,positive,water,anoxia,27.9,856.0,round1,11
67,2,water_anoxia,positive,water,anoxia,27.9,234.0,round1,11
68,2,water_anoxia,positive,water,anoxia,27.9,322.0,round1,11
69,2,water_anoxia,positive,water,anoxia,27.9,841.0,round1,12
70,2,water_anoxia,positive,water,anoxia,27.9,813.0,round1,12
71,2,water_anoxia,positive,water,anoxia,27.9,NA,round1,12
72,2,water_anoxia,negative,water,anoxia,27.9,202.0,round1,12
73,1,air_normoxia,positive,air,normoxia,33.0,583.0,round2,10
74,1,air_normoxia,NA,air,normoxia,33.0,NA,round2,10
75,1,air_normoxia,positive,air,normoxia,33.0,900.0,round2,10
76,1,air_normoxia,NA,air,normoxia,33.0,NA,round2,10
77,1,air_normoxia,negative,air,normoxia,33.0,231.0,round2,11
78,1,air_normoxia,positive,air,normoxia,33.0,268.0,round2,11
79,1,air_normoxia,negative,air,normoxia,33.0,29.0,round2,11
80,1,air_normoxia,positive,air,normoxia,33.0,600.0,round2,11
81,1,air_normoxia,positive,air,normoxia,33.0,368.0,round2,12
82,1,air_normoxia,positive,air,normoxia,33.0,240.0,round2,12
83,1,air_normoxia,negative,air,normoxia,33.0,219.0,round2,12
84,1,air_normoxia,positive,air,normoxia,33.0,323.0,round2,12
85,2,water_anoxia,positive,water,anoxia,29.2,191.0,round2,7
86,2,water_anoxia,positive,water,anoxia,29.2,120.0,round2,7
87,2,water_anoxia,positive,water,anoxia,29.2,123.0,round2,7
88,2,water_anoxia,positive,water,anoxia,29.2,143.0,round2,7
89,2,water_anoxia,positive,water,anoxia,29.2,204.0,round2,8
90,2,water_anoxia,positive,water,anoxia,29.2,205.0,round2,8
91,2,water_anoxia,positive,water,anoxia,29.2,174.0,round2,8
92,2,water_anoxia,positive,water,anoxia,29.2,115.0,round2,8
93,2,water_anoxia,positive,water,anoxia,29.2,283.0,round2,9
94,2,water_anoxia,positive,water,anoxia,29.2,298.0,round2,9
95,2,water_anoxia,positive,water,anoxia,29.2,152.0,round2,9
96,2,water_anoxia,positive,water,anoxia,29.2,168.0,round2,9
97,3,air_normoxia_LT,negative,air,normoxia,27.2,534.0,NA,13
98,3,air_normoxia_LT,positive,air,normoxia,27.2,581.0,NA,13
99,3,air_normoxia_LT,positive,air,normoxia,27.2,27.0,NA,13
100,3,air_normoxia_LT,positive,air,normoxia,27.2,356.0,NA,13
101,3,air_normoxia_LT,positive,air,normoxia,27.2,328.0,NA,14
102,3,air_normoxia_LT,negative,air,normoxia,27.2,191.0,NA,14
103,3,air_normoxia_LT,negative,air,normoxia,27.2,45.0,NA,14
104,3,air_normoxia_LT,negative,air,normoxia,27.2,142.0,NA,14
105,3,air_normoxia_LT,positive,air,normoxia,27.2,337.0,NA,15
106,3,air_normoxia_LT,negative,air,normoxia,27.2,92.0,NA,15
107,3,air_normoxia_LT,negative,air,normoxia,27.2,109.0,NA,15
108,3,air_normoxia_LT,negative,air,normoxia,27.2,260.0,NA,15
109,3,air_normoxia_LT,negative,air,normoxia,27.2,302.0,NA,16
110,3,air_normoxia_LT,positive,air,normoxia,27.2,281.0,NA,16
111,3,air_normoxia_LT,positive,air,normoxia,27.2,24.0,NA,16
112,3,air_normoxia_LT,negative,air,normoxia,27.2,33.0,NA,16
113,3,air_normoxia_LT,negative,air,normoxia,27.2,36.0,NA,17
114,3,air_normoxia_LT,negative,air,normoxia,27.2,230.0,NA,17
115,3,air_normoxia_LT,negative,air,normoxia,26.0,214.0,NA,17
116,3,air_normoxia_LT,positive,air,normoxia,26.0,40.0,NA,17
117,3,air_normoxia_LT,negative,air,normoxia,26.0,144.0,NA,18
118,3,air_normoxia_LT,positive,air,normoxia,26.0,63.0,NA,18
119,3,air_normoxia_LT,positive,air,normoxia,26.0,45.0,NA,18
120,3,air_normoxia_LT,negative,air,normoxia,26.0,49.0,NA,18
121,4,air_anoxia,negative,air,anoxia,32.5,126.0,NA,19
122,4,air_anoxia,negative,air,anoxia,32.5,229.0,NA,19
123,4,air_anoxia,negative,air,anoxia,32.5,269.0,NA,19
124,4,air_anoxia,negative,air,anoxia,32.5,221.0,NA,19
125,4,air_anoxia,negative,air,anoxia,32.5,300.0,NA,20
126,4,air_anoxia,negative,air,anoxia,32.5,85.0,NA,20
127,4,air_anoxia,positive,air,anoxia,32.5,219.0,NA,20
128,4,air_anoxia,negative,air,anoxia,32.5,59.0,NA,20
129,4,air_anoxia,NA,air,anoxia,32.5,NA,NA,21
130,4,air_anoxia,negative,air,anoxia,32.5,103.0,NA,21
131,4,air_anoxia,positive,air,anoxia,32.5,851.0,NA,21
132,4,air_anoxia,negative,air,anoxia,32.5,155.0,NA,21
133,4,air_anoxia,negative,air,anoxia,32.5,855.0,NA,22
134,4,air_anoxia,negative,air,anoxia,32.5,763.0,NA,22
135,4,air_anoxia,negative,air,anoxia,32.5,164.0,NA,22
136,4,air_anoxia,positive,air,anoxia,32.5,315.0,NA,22
137,4,air_anoxia,negative,air,anoxia,32.5,14.0,NA,23
138,4,air_anoxia,negative,air,anoxia,32.5,480.0,NA,23
139,4,air_anoxia,negative,air,anoxia,32.5,73.0,NA,23
140,4,air_anoxia,negative,air,anoxia,32.5,274.0,NA,23
141,4,air_anoxia,negative,air,anoxia,32.5,114.0,NA,24
142,4,air_anoxia,negative,air,anoxia,32.5,120.0,NA,24
143,4,air_anoxia,positive,air,anoxia,32.5,99.0,NA,24
144,4,air_anoxia,negative,air,anoxia,32.5,89.0,NA,24
